<?xml version="1.0" encoding="UTF-8"?>

<mule xmlns:metadata="http://www.mulesoft.org/schema/mule/metadata" xmlns:vm="http://www.mulesoft.org/schema/mule/vm" xmlns:scripting="http://www.mulesoft.org/schema/mule/scripting" xmlns:file="http://www.mulesoft.org/schema/mule/file" xmlns:smtp="http://www.mulesoft.org/schema/mule/smtp" xmlns:http="http://www.mulesoft.org/schema/mule/http" xmlns="http://www.mulesoft.org/schema/mule/core" xmlns:doc="http://www.mulesoft.org/schema/mule/documentation"
	xmlns:spring="http://www.springframework.org/schema/beans" 
	xmlns:xsi="http://www.w3.org/2001/XMLSchema-instance"
	xsi:schemaLocation="http://www.springframework.org/schema/beans http://www.springframework.org/schema/beans/spring-beans-current.xsd
http://www.mulesoft.org/schema/mule/core http://www.mulesoft.org/schema/mule/core/current/mule.xsd
http://www.mulesoft.org/schema/mule/http http://www.mulesoft.org/schema/mule/http/current/mule-http.xsd
http://www.mulesoft.org/schema/mule/smtp http://www.mulesoft.org/schema/mule/smtp/current/mule-smtp.xsd
http://www.mulesoft.org/schema/mule/file http://www.mulesoft.org/schema/mule/file/current/mule-file.xsd
http://www.mulesoft.org/schema/mule/scripting http://www.mulesoft.org/schema/mule/scripting/current/mule-scripting.xsd
http://www.mulesoft.org/schema/mule/vm http://www.mulesoft.org/schema/mule/vm/current/mule-vm.xsd">
    <http:listener-config name="HTTP_Listener_Configuration" host="${localbankhost}" port="${localbankport}" doc:name="HTTP Listener Configuration"/>
    <flow name="samplemailFlow">
        <http:listener config-ref="HTTP_Listener_Configuration" path="/mailservice" doc:name="HTTP"/>
        <parse-template location="src/main/resources/CHECKLIST.txt" doc:name="Parse Template"/>
        <message-properties-transformer doc:name="Message Properties">
            <add-message-property key="body" value="Your Loan has been approved, kindly submit all related documents in branch. PFA the checklist for the same."/>
        </message-properties-transformer>
        <set-attachment attachmentName="Checklist.csv" value="#[payload]" contentType="text/csv" doc:name="Attachment"/>
        <set-payload value="#[message.outboundProperties.body]" doc:name="Set Payload"/>
        <smtp:outbound-endpoint host="smtp-relay.fs.capgemini.com" user="gaurav.n.singh@capgemini.com" password="roger@1234" to="gaurav.n.singh@capgemini.com" from="gaurav.n.singh@capgemini.com" subject="Congratulations, Your Loan has been approved !!!!" responseTimeout="10000" doc:name="SMTP"/>
        <set-payload value="#['Your Loan has been approved, kindly submit all related documents in branch. PFA the checklist for the same.']" doc:name="Copy_of_Set Payload"/>
        <logger message="==MAIL LAST#[message],,,,#[payload]" level="INFO" doc:name="Logger"/>
    </flow>
</mule>
