<?xml version="1.0" encoding="UTF-8"?>

<mule xmlns:jersey="http://www.mulesoft.org/schema/mule/jersey" xmlns:json="http://www.mulesoft.org/schema/mule/json" xmlns:http="http://www.mulesoft.org/schema/mule/http" xmlns:tracking="http://www.mulesoft.org/schema/mule/ee/tracking" xmlns="http://www.mulesoft.org/schema/mule/core" xmlns:doc="http://www.mulesoft.org/schema/mule/documentation"
	xmlns:spring="http://www.springframework.org/schema/beans" 
	xmlns:xsi="http://www.w3.org/2001/XMLSchema-instance"
	xsi:schemaLocation="http://www.springframework.org/schema/beans http://www.springframework.org/schema/beans/spring-beans-current.xsd
http://www.mulesoft.org/schema/mule/core http://www.mulesoft.org/schema/mule/core/current/mule.xsd
http://www.mulesoft.org/schema/mule/json http://www.mulesoft.org/schema/mule/json/current/mule-json.xsd
http://www.mulesoft.org/schema/mule/http http://www.mulesoft.org/schema/mule/http/current/mule-http.xsd
http://www.mulesoft.org/schema/mule/jersey http://www.mulesoft.org/schema/mule/jersey/current/mule-jersey.xsd
http://www.mulesoft.org/schema/mule/ee/tracking http://www.mulesoft.org/schema/mule/ee/tracking/current/mule-tracking-ee.xsd">
    <http:listener-config name="HTTP_Listener_Configuration" host="${localbankhost}" port="${localbankport}" doc:name="HTTP Listener Configuration"/>
    <flow name="Cibil_Service_Flow">
        <http:listener config-ref="HTTP_Listener_Configuration" path="/loan/getcibil/*" doc:name="HTTP"/>
        <jersey:resources doc:name="Cibil_REST">
            <component class="org.capgemini.loanbroker.services.CibilService"/>
        </jersey:resources>
    </flow>
    <flow name="bankApprovalMAINFlow">
        <http:listener config-ref="HTTP_Listener_Configuration" path="bankapproval" doc:name="HTTP"/>
        <expression-component doc:name="queryParam to flowVars"><![CDATA[flowVars.name = message.inboundProperties.'http.query.params'.name;
flowVars.ssn = message.inboundProperties.'http.query.params'.ssn;
flowVars.amount = message.inboundProperties.'http.query.params'.amount;
flowVars.term = message.inboundProperties.'http.query.params'.term;
flowVars.salary = message.inboundProperties.'http.query.params'.salary;
flowVars.bank= message.inboundProperties.'http.query.params'.bank;
flowVars.roi= message.inboundProperties.'http.query.params'.roi;
flowVars.date=server.dateTime.format("yyyy-MM-dd'T'HH:mm:ss");]]></expression-component>
        <choice tracking:enable-default-events="true" doc:name="Choice">
            <when expression="(amount &lt;2000000 &amp;&amp; salary&gt;50000 &amp;&amp; term&gt;15 &amp;&amp; term&lt;20)">
                <set-payload value="#[['code': 200,'response': 'Approved']]" doc:name="Approved Payload"/>
            </when>
            <otherwise>
                <expression-component doc:name="Expression"><![CDATA[if(amount >2000000)
{
flowVars.reason = "Loan amount is greater than 2000000";
}
if(salary<50000)
{
flowVars.reason = "Salary should be greater than 50000";
}
if(term>20)
{
flowVars.reason = "Term should be in between 15 and 20";
}
if(term<15)
{
flowVars.reason = "Term should be in between 15 and 20";
}]]></expression-component>
                <set-payload value="#[['code': 500,'response': 'Rejected','reason': reason]]" doc:name="Rejected Payload"/>
            </otherwise>
        </choice>
        <json:object-to-json-transformer doc:name="Object to JSON"/>
        <logger message="----BANK-Approval Payload#[payload]----" level="INFO" doc:name="check approval payload"/>
    </flow>
</mule>
