<?xml version="1.0" encoding="UTF-8"?>
<mule xmlns:mulexml="http://www.mulesoft.org/schema/mule/xml"
	xmlns:validation="http://www.mulesoft.org/schema/mule/validation"
	xmlns="http://www.mulesoft.org/schema/mule/core" xmlns:apikit="http://www.mulesoft.org/schema/mule/apikit"
	xmlns:db="http://www.mulesoft.org/schema/mule/db" xmlns:doc="http://www.mulesoft.org/schema/mule/documentation"
	xmlns:dw="http://www.mulesoft.org/schema/mule/ee/dw" xmlns:http="http://www.mulesoft.org/schema/mule/http"
	xmlns:json="http://www.mulesoft.org/schema/mule/json" xmlns:metadata="http://www.mulesoft.org/schema/mule/metadata"
	xmlns:smtp="http://www.mulesoft.org/schema/mule/smtp" xmlns:spring="http://www.springframework.org/schema/beans"
	xmlns:xsi="http://www.w3.org/2001/XMLSchema-instance"
	xsi:schemaLocation="http://www.mulesoft.org/schema/mule/xml http://www.mulesoft.org/schema/mule/xml/current/mule-xml.xsd
http://www.springframework.org/schema/beans http://www.springframework.org/schema/beans/spring-beans-current.xsd
http://www.mulesoft.org/schema/mule/db http://www.mulesoft.org/schema/mule/db/current/mule-db.xsd
http://www.mulesoft.org/schema/mule/json http://www.mulesoft.org/schema/mule/json/current/mule-json.xsd
http://www.mulesoft.org/schema/mule/http http://www.mulesoft.org/schema/mule/http/current/mule-http.xsd
http://www.mulesoft.org/schema/mule/smtp http://www.mulesoft.org/schema/mule/smtp/current/mule-smtp.xsd
http://www.mulesoft.org/schema/mule/apikit http://www.mulesoft.org/schema/mule/apikit/current/mule-apikit.xsd
http://www.mulesoft.org/schema/mule/ee/dw http://www.mulesoft.org/schema/mule/ee/dw/current/dw.xsd
http://www.mulesoft.org/schema/mule/core http://www.mulesoft.org/schema/mule/core/current/mule.xsd
http://www.mulesoft.org/schema/mule/file http://www.mulesoft.org/schema/mule/file/current/mule-file.xsd
http://www.mulesoft.org/schema/mule/validation http://www.mulesoft.org/schema/mule/validation/current/mule-validation.xsd">
	<http:listener-config name="HTTP_Listener_BrokerBANKApproval"
		host="${mylocal}" port="8084" doc:name="HTTP Listener Configuration" />
	<db:mysql-config name="MySQL_Configuration1" host="localhost"
		port="3306" user="root" password="root" database="loanbroker"
		doc:name="MySQL Configuration" />
	<http:request-config name="HTTP_Request_Configuration4"
		host="${mylocal}" port="8081" doc:name="HTTP Request Configuration" />
	<http:request-config name="BankApprovalConsumer"
		host="LIN51004751" port="8083" doc:name="HTTP Request Configuration" />
	<http:request-config name="SMTP_HTTP_REQUEST" host="${bankserviceurl}"
		port="${smtpport}" doc:name="HTTP Request Configuration" />
	<http:request-config name="BANK_APPROVAL_HTTP_REQUEST"
		host="${bankserviceurl}" port="${bankapprovalport}" doc:name="HTTP Request Configuration" />
	<http:request-config name="HTTP_Request_Configuration3"
		host="${mylocal}" port="8081" doc:name="HTTP Request Configuration" />
	<http:request-config name="HDFC_HTTP_REQUEST" host="${bankserviceurl}"
		port="${HDFCbankserviceport}" doc:name="HTTP Request Configuration" />
	<http:request-config name="SBI_HTTP_REQUEST" host="${bankserviceurl}"
		port="${SBIbankserviceport}" doc:name="HTTP Request Configuration" />
	<smtp:connector name="SMTP1" validateConnections="true"
		doc:name="SMTP" />

	<apikit:config name="loanapproval-config" raml="loanapproval.raml"
		consoleEnabled="true" consolePath="console" doc:name="Router">
		<apikit:flow-mapping resource="/getloanquotes"
			action="get" flow-ref="get:/getloanquotes:loanapproval-config" />
		<apikit:flow-mapping resource="/getapproval"
			action="get" flow-ref="get:/getapproval:loanapproval-config" />
	</apikit:config>

	<flow name="loanapproval-main">
		<http:listener config-ref="HTTP_Listener_BrokerBANKApproval"
			path="/loan/*" doc:name="HTTP" allowedMethods="GET" />
		<apikit:router config-ref="loanapproval-config"
			doc:name="APIkit Router" />
		<exception-strategy ref="loanapproval-apiKitGlobalExceptionMapping"
			doc:name="Reference Exception Strategy" />
	</flow>

	<flow name="get:/getapproval:loanapproval-config">
		<expression-component doc:name="Expression"><![CDATA[flowVars.name = message.inboundProperties.'http.query.params'.name;
flowVars.ssn = message.inboundProperties.'http.query.params'.ssn;
flowVars.amount = message.inboundProperties.'http.query.params'.amount;
flowVars.term = message.inboundProperties.'http.query.params'.term;
flowVars.salary = message.inboundProperties.'http.query.params'.salary;
flowVars.bank= message.inboundProperties.'http.query.params'.bank;
flowVars.roi= 1.2;
flowVars.date=server.dateTime.format("yyyy-MM-dd'T'HH:mm:ss");]]></expression-component>
		<set-payload
			value="#[['name' : name , 'ssn' : ssn, 'amount' : amount, 'term' : term, 'salary' : salary , 'roi' : roi , 'bank' : bank ]]"
			doc:name="Set Payload" />
		<logger message="===BEFORE loan approval==#[message]======="
			level="INFO" doc:name="BEFORE loan approval" />
		<enricher source="#[payload]" target="#[payload.credit_score]"
			doc:name="Message Enricher">
			<flow-ref name="CibilSub_Flow" doc:name="CibilSub_Flow" />
		</enricher>
		<component class="org.mule.example.loanbroker.util.BusinessService"
			doc:name="Javacom" />
		<logger message="-----AFTER CREDIT CHECK in APPROVAL----#[payload]"
			level="INFO" doc:name="Logger" />
		<http:request config-ref="BANK_APPROVAL_HTTP_REQUEST"
			path="bankapproval" method="GET" doc:name="HTTP">
			<http:request-builder>
                <http:query-param paramName="name" value="#[payload.name]"/>
                <http:query-param paramName="ssn" value="#[payload.ssn]"/>
                <http:query-param paramName="amount" value="#[payload.amount]"/>
                <http:query-param paramName="term" value="#[payload.term]"/>
                <http:query-param paramName="salary" value="#[payload.salary]"/>
                <http:query-param paramName="roi" value="#[payload.roi]"/>
                <http:query-param paramName="bank" value="#[payload.bank]"/>

			</http:request-builder>
		</http:request>
		<json:json-to-object-transformer
			returnClass="org.mule.example.loanbroker.model.BankApprovalResponse"
			doc:name="JSON to Object" />
		<logger
			message="===AFTER loan approval==#[payload]====RESPONSE=#[payload.reason]==="
			level="INFO" doc:name="After loan approval" />
		<enricher source="#[payload]" target="#[sessionVars.db]"
			doc:name="Message Enricher">
			<db:insert config-ref="MySQL_Configuration1" doc:name="Database">
				<db:parameterized-query><![CDATA[insert into loan_approval(name,ssn,term,amount,roi,salary,status,reason,approval_date) values(#[name],#[ssn],#[term],#[amount],#[roi],#[salary],#[payload.response],#[payload.reason],#[date])]]></db:parameterized-query>
			</db:insert>
		</enricher>
		<http:request config-ref="SMTP_HTTP_REQUEST" path="mailservice"
			method="GET" doc:name="HTTP" />
		<set-payload
			value="#[['code' : 500 , 'response' : &quot;Congratulations, Your Loan has been approved.&quot;]]"
			doc:name="Set Payload" />
		<json:object-to-json-transformer
			doc:name="Object to JSON" />
		<logger
			message="========FINAL APPROVAL PAYLOAD=#[payload]===================="
			level="INFO" doc:name="Logger" />
		<choice-exception-strategy doc:name="Choice Exception Strategy">
			<catch-exception-strategy
				when="#[exception.causedBy(org.mule.example.loanbroker.util.BankApprovalException)]"
				doc:name="Catch Exception Strategy">
				<set-payload
					value="#[['code' : 500 , 'response' : &quot;Rejected&quot;, 'reason' : &quot;Credit score is less than 750.&quot;]]"
					doc:name="Set Payload" />
				<json:object-to-json-transformer
					doc:name="Object to JSON" />
				<smtp:outbound-endpoint host="smtp-relay.fs.capgemini.com"
					user="gaurav.n.singh@capgemini.com" password="roger@1234"
					connector-ref="SMTP1" to="gaurav.n.singh@capgemini.com" from="gaurav.n.singh@capgemini.com"
					subject="Sorry.. Your loan is rejected." responseTimeout="10000"
					doc:name="LoanReject_SMTP" />
				<logger message="$$FINAL OUTPUT#[payload]====" level="INFO"
					doc:name="BANK APPROVAL_RESPONSE_Logger" />
			</catch-exception-strategy>
			<catch-exception-strategy
				when="#[exception.causedBy(java.net.ConnectException)]" doc:name="Catch Exception Strategy">
				<set-payload
					value="#[['code' : 502 , 'response' : &quot;CIBIL SERVICE IS NOT RUNNING&quot;, 'reason' : &quot;CIBIL SERVICE IS NOT RUNNING&quot;]]"
					doc:name="CIBIL SERVICE NOT RUNNING Payload" />
				<json:object-to-json-transformer
					doc:name="CIBIL SERVICE IS NOT RUNNING_Object to JSON" />
				<logger message="$$FINAL OUTPUT#[payload]====" level="INFO"
					doc:name="CIBIL SERVICE IS NOT RUNNING APPROVAL_RESPONSE_Logger" />
			</catch-exception-strategy>
		</choice-exception-strategy>
	</flow>
	<flow name="get:/getloanquotes:loanapproval-config">
		<logger message="-START OF LOAN BROHER FLOW #[message]----"
			level="INFO" doc:name="Logger" />
		<expression-component doc:name="queryParam to flowVars"><![CDATA[flowVars.name = message.inboundProperties.'http.query.params'.name;
flowVars.ssn = message.inboundProperties.'http.query.params'.ssn;
flowVars.amount = message.inboundProperties.'http.query.params'.amount;
flowVars.term = message.inboundProperties.'http.query.params'.term;
flowVars.email = message.inboundProperties.'http.query.params'.email;
flowVars.salary = message.inboundProperties.'http.query.params'.salary;
if(message.inboundProperties.'http.query.params'.bank == empty)
{
	flowVars.bank='all';
}
else
{
	flowVars.bank=message.inboundProperties.'http.query.params'.bank;
}


]]></expression-component>
		<db:select config-ref="MySQL_Configuration1" doc:name="Database">
			<db:parameterized-query><![CDATA[select email from customer where name=#[name]]]></db:parameterized-query>
		</db:select>
		<logger message="------AFTER  DB ------------#[payload]-----"
			level="INFO" doc:name="Logger" />
		<validation:all doc:name="CustomerRequest_Validation">
			<validation:validations>
				<validation:custom-validator
					class="org.mule.example.loanbroker.util.BankValidator" />
				<validation:is-not-empty value="#[bank]"
					message="Bank name should not be blank." />
				<validation:is-not-empty value="#[email]"
					message="Email is required." />
				<validation:is-not-empty value="#[name]"
					message="Name is required." />
				<validation:is-number value="#[amount]"
					numberType="LONG" />
				<validation:is-number value="#[term]" minValue="1"
					maxValue="99" numberType="INTEGER" />
			</validation:validations>
		</validation:all>
		<set-payload
			value="#[['name' : name , 'ssn' : ssn, 'amount' : amount,'term' : term,'salary' : salary,'email' : email,'bank' : bank]]"
			doc:name="Set Payload" />
		<expression-component doc:name="Expression"><![CDATA[import org.mule.example.loanbroker.model.Customer;

payload = new  Customer(payload.name,Integer.parseInt(payload.ssn),Long.parseLong(payload.salary),
payload.bank,payload.email,Integer.parseInt(payload.term),Long.parseLong(payload.amount));
sessionVars.ssn=payload.ssn;

]]></expression-component>
		<logger message="-----BEFORE BANK CHOICE----#[payload.toString()]"
			level="INFO" doc:name="Logger" />
		<enricher source="#[payload]" target="#[sessionVars.bank_response]"
			doc:name="Single Bank Message Enricher">
			<flow-ref name="Bank_Choice_Flow" doc:name="Bank_Choice_Flow" />
		</enricher>
		<set-payload
			value="#[['customer' : payload , 'bankResponse' :bank_response]]"
			doc:name="Set Payload" />
		<json:object-to-json-transformer
			doc:name="Object to JSON" />
		<logger message="---AFTER SMTP-----#[payload]" level="INFO"
			doc:name="Logger" />
	</flow>
	<apikit:mapping-exception-strategy
		name="loanapproval-apiKitGlobalExceptionMapping">
		<apikit:mapping statusCode="404">
			<apikit:exception
				value="org.mule.module.apikit.exception.NotFoundException" />
			<set-property propertyName="Content-Type" value="application/json"
				doc:name="Property" />
			<set-payload
				value="{ &quot;message&quot;: &quot;Resource not found&quot; }"
				doc:name="Set Payload" />
		</apikit:mapping>
		<apikit:mapping statusCode="405">
			<apikit:exception
				value="org.mule.module.apikit.exception.MethodNotAllowedException" />
			<set-property propertyName="Content-Type" value="application/json"
				doc:name="Property" />
			<set-payload
				value="{ &quot;message&quot;: &quot;Method not allowed&quot; }"
				doc:name="Set Payload" />
		</apikit:mapping>
		<apikit:mapping statusCode="415">
			<apikit:exception
				value="org.mule.module.apikit.exception.UnsupportedMediaTypeException" />
			<set-property propertyName="Content-Type" value="application/json"
				doc:name="Property" />
			<set-payload
				value="{ &quot;message&quot;: &quot;Unsupported media type&quot; }"
				doc:name="Set Payload" />
		</apikit:mapping>
		<apikit:mapping statusCode="406">
			<apikit:exception
				value="org.mule.module.apikit.exception.NotAcceptableException" />
			<set-property propertyName="Content-Type" value="application/json"
				doc:name="Property" />
			<set-payload value="{ &quot;message&quot;: &quot;Not acceptable&quot; }"
				doc:name="Set Payload" />
		</apikit:mapping>
		<apikit:mapping statusCode="400">
			<apikit:exception
				value="org.mule.module.apikit.exception.BadRequestException" />
			<set-property propertyName="Content-Type" value="application/json"
				doc:name="Property" />
			<set-payload value="{ &quot;message&quot;: &quot;Bad request&quot; }"
				doc:name="Set Payload" />
		</apikit:mapping>
	</apikit:mapping-exception-strategy>
	<sub-flow name="CibilSub_Flow">
		<logger message="------------Cibil SUB FLOW START------#[message]------"
			level="INFO" doc:name="Cibil Logger" />
		<http:request config-ref="HTTP_Request_Configuration4"
			path="/cibilproxy/cibilrequest" method="GET" doc:name="CIBIL_HTTP">
			<http:request-builder>
                <http:query-param paramName="name" value="#[message.inboundProperties.'http.query.params'.name]"/>
                <http:query-param paramName="ssn" value="#[message.inboundProperties.'http.query.params'.ssn]"/>
                <http:query-param paramName="amount" value="#[message.inboundProperties.'http.query.params'.amount]"/>

			</http:request-builder>
		</http:request>
		<logger message="--Cibil Response=#[payload]--" level="INFO"
			doc:name="Logger" />
		<dw:transform-message metadata:id="3c2ff853-806c-4f6b-9bf3-dd49157c3d25"
			doc:name="Cibil_Transform Message">
			<dw:input-payload />
			<dw:set-payload><![CDATA[%dw 1.0
%output application/java
---
{
	credit_history: payload.status,
	credit_score: payload.creditScore,
	name: payload.name,
	ssn: payload.ssn
	
} as :object {
	class : "org.mule.example.loanbroker.cibil.CibilResponse"
}]]></dw:set-payload>
		</dw:transform-message>
		<set-payload value="#[payload.credit_score]" doc:name="Set Credit_score Payload" />
		<logger message="---CIBIL Response::#[payload]-------" level="INFO"
			doc:name="CIBIL End Logger" />
	</sub-flow>

	<sub-flow name="Bank_Choice_Flow">

		<choice doc:name="BankChoice">
			<when expression="payload.bank =='icici'">
				<flow-ref name="ICICIBank_Flow" doc:name="ICICIBank_Flow" />
				<logger message="----ICICI SERVICE IS NOT RUNNING.---------------"
					level="INFO" doc:name="Logger" />
			</when>
			<when expression="payload.bank =='sbi'">
				<flow-ref name="SBIBank_Flow" doc:name="SBIBank_Flow" />
			</when>
			<when expression="payload.bank =='hdfc'">
				<flow-ref name="HDFCBank_Flow" doc:name="HDFCBank_Flow" />
			</when>
			<otherwise>
				<flow-ref name="AllBank_Flow" doc:name="AllBank_Flow" />
			</otherwise>
		</choice>
		<logger message="---------FINAL OUTCOME---#[payload]---------------------"
			level="INFO" doc:name="Logger" />
	</sub-flow>
	<sub-flow name="ICICIBank_Flow">
		<logger message="-------------ICICIBank SUB FLOW START------------"
			level="INFO" doc:name="ICICIBank_Flow Logger" />
		<set-payload
			value="#[['name' : payload.name , 'ssn' : payload.ssn, 'amount' : payload.amount,'term' : payload.term,'email' : payload.email]]"
			doc:name="ICICI Payload Map" />
		<dw:transform-message doc:name="MAP to XML"
			metadata:id="886462b8-fae1-4633-b60b-545eae78b7dd">
			<dw:set-payload><![CDATA[%dw 1.0
%output application/xml
%namespace ser http://services.loanbroker.capgemini.org/
%namespace soapenv http://schemas.xmlsoap.org/soap/envelope/
---
{
soapenv#Envelope:
{
soapenv#Body:
{
	ser#getLoanStatus: {
		ser#name: payload.name as :string,
		ser#ssn: payload.ssn as :number,
		ser#amount: payload.amount,
		ser#term: payload.term as :number,
		ser#email: payload.email as :string
	}
}
}
}]]></dw:set-payload>
		</dw:transform-message>
		<logger message="See---#[payload]----" level="INFO" doc:name="Logger" />
		<http:request config-ref="HTTP_Request_Configuration3"
			path="/iciciproxy" method="POST" doc:name="HTTP" />
		<mulexml:xslt-transformer
			xsl-file="D:\Users\gsingh14\Desktop\sample\soapTransform.xsl"
			outputEncoding="US-ASCII" maxIdleTransformers="2"
			maxActiveTransformers="5" doc:name="XSLT" />

		<dw:transform-message metadata:id="5a8963b7-48da-4c82-8f18-5862b5323daa"
			doc:name="Transform Message">
			<dw:input-payload doc:sample="D:\Users\gsingh14\Desktop\sample\sampleOUTPUT.xml" />
			<dw:set-payload><![CDATA[%dw 1.0
%output application/java
%namespace ns0 http://www.somedomainename.com
---
{
	bankName:"icici",
	desc: payload.ns0#Envelope.ns0#Body.ns0#getLoanStatusResponse.ns0#return.ns0#status,
	emi: payload.ns0#Envelope.ns0#Body.ns0#getLoanStatusResponse.ns0#return.ns0#EMI,
	roi: payload.ns0#Envelope.ns0#Body.ns0#getLoanStatusResponse.ns0#return.ns0#interest
} as :object {
	class : "org.mule.example.loanbroker.bank.BankResponse"
}]]></dw:set-payload>
			<dw:set-variable variableName="payload"><![CDATA[%dw 1.0
%output application/java
---
{
}]]></dw:set-variable>
		</dw:transform-message>

		<logger message="---ICICI Bank Response::#[payload.toString()]-------"
			level="INFO" doc:name="Logger" />
	</sub-flow>
	<sub-flow name="SBIBank_Flow">
		<logger message="-------------SBIBank SUB FLOW START-----#[message]-------"
			level="INFO" doc:name="SBIBank_Flow Logger" />
		<set-payload
			value="#[['name' : payload.name , 'ssn' : payload.ssn, 'amount' : payload.amount,'term' : payload.term,'email' : payload.email]]"
			doc:name="SBI Payload MAP" />

		<http:request config-ref="SBI_HTTP_REQUEST" path="/sbi/sbirequest"
			method="GET" doc:name="HTTP">
			<http:request-builder>
				<http:query-param paramName="name"
					value="#[message.inboundProperties.'http.query.params'.name]" />
				<http:query-param paramName="ssn"
					value="#[message.inboundProperties.'http.query.params'.ssn]" />
				<http:query-param paramName="amount"
					value="#[message.inboundProperties.'http.query.params'.amount]" />
				<http:query-param paramName="term"
					value="#[message.inboundProperties.'http.query.params'.term]" />






			</http:request-builder>
		</http:request>
		<dw:transform-message metadata:id="3c2ff853-806c-4f6b-9bf3-dd49157c3d25"
			doc:name="Transform Message">
			<dw:set-payload><![CDATA[%dw 1.0
%output application/java
---
{
	desc: payload.status,
	emi: payload.emi as :number,
	roi: payload.interest as :number,
	bankName:"sbi"
} as :object {
	class : "org.mule.example.loanbroker.bank.BankResponse"
}]]></dw:set-payload>
		</dw:transform-message>
		<logger message="---SBI Response::#[payload]-------" level="INFO"
			doc:name="SBI End Logger" />
	</sub-flow>
	<sub-flow name="HDFCBank_Flow">
		<logger message="-------------HDFCBank SUB FLOW START------------"
			level="INFO" doc:name="HDFCBank_Flow Logger" />
		<set-payload
			value="#[['name' : payload.name , 'ssn' : payload.ssn, 'amount' : payload.amount,'term' : payload.term,'email' : payload.email]]"
			doc:name="HDFC Payload MAP" />

		<http:request config-ref="HDFC_HTTP_REQUEST" path="/hdfc/hdfcrequest"
			method="GET" doc:name="HDFC_HTTP">
			<http:request-builder>
				<http:query-param paramName="name" value="#[payload.name]" />
				<http:query-param paramName="ssn" value="#[payload.ssn]" />
				<http:query-param paramName="amount" value="#[payload.amount]" />
				<http:query-param paramName="term" value="#[payload.term]" />
				<http:query-param paramName="email" value="#[payload.email]" />

			</http:request-builder>
			<http:failure-status-code-validator
				values="509" />
		</http:request>
		<logger message="AFTER HDFC REQUEST------#[payload]" level="INFO"
			doc:name="Logger" />
		<dw:transform-message metadata:id="3c2ff853-806c-4f6b-9bf3-dd49157c3d25"
			doc:name="JSON to BankResponse">
			<dw:set-payload><![CDATA[%dw 1.0
%output application/java
---
{
	desc: payload.status,
	emi: payload.emi as :number,
	roi: payload.interest as :number,
	bankName:"hdfc"
} as :object {
	class : "org.mule.example.loanbroker.bank.BankResponse"
}]]></dw:set-payload>
		</dw:transform-message>
		<logger message="---HDFC Response::#[payload.toString()]-------"
			level="INFO" doc:name="End Logger" />
	</sub-flow>
	<sub-flow name="AllBank_Flow">
		<logger message="----------AllBank SUB FLOW START------------"
			level="INFO" doc:name="AllBank Logger" />
		<scatter-gather doc:name="Scatter-Gather">
			<custom-aggregation-strategy
				class="org.mule.example.loanbroker.util.BankResponseAggregationStrategy" />
			<flow-ref name="SBIBank_Flow" doc:name="SBIBank_Flow" />
			<flow-ref name="ICICIBank_Flow" doc:name="ICICIBank_Flow" />
			<flow-ref name="HDFCBank_Flow" doc:name="HDFCBank_Flow" />
		</scatter-gather>
		<logger
			message="-----------Scatter Gather-------------#[payload]----------------"
			level="INFO" doc:name="Logger" />
	</sub-flow>


</mule>